label,precision,recall,f1,support,experiment,report_type
"C77.0       0.00      0.00      0.00         3
       C32.0       0.29      1.00      0.45        11
       C10.8       0.24      1.00      0.39        13
       C02.1       0.10      0.25      0.14         8
       C13.8       0.10      0.25      0.14         8
       C32.8       0.00      0.00      0.00         6
       C04.0       0.00      0.00      0.00         0
       C32.1       0.00      0.00      0.00         5
         C01       0.00      0.00      0.00         0
       C09.0       0.00      0.00      0.00         2

   micro avg       0.20      0.50      0.28        56
   macro avg       0.07      0.25      0.11        56
weighted avg       0.14      0.50      0.22        56
 samples avg",0.23,0.5,0.29,56,hier_clinbert__real+synthetic+focused__top10,child_report
